ts,espn_id,kickoff_utc,season,week,season_type,home_team,away_team,state,completed,home_score,away_score,provider,home_spread,total,home_spread_open,total_open,home_spread_price,away_spread_price,over_price,under_price,home_ml,away_ml,home_ml_open,away_ml_open
2026-09-29T21:47:03Z,401872948,2026-09-25T00:15Z,2026,3,2,GB,ATL,post,True,14,35,,,,,,,,,,,,,
2026-09-29T21:47:03Z,401872953,2026-09-27T17:00Z,2026,3,2,BUF,LAC,post,True,24,16,,,,,,,,,,,,,
2026-09-29T21:47:03Z,401872949,2026-09-27T17:00Z,2026,3,2,CLE,CAR,post,True,21,18,,,,,,,,,,,,,
2026-09-29T21:47:03Z,401872954,2026-09-27T17:00Z,2026,3,2,DET,NYJ,post,True,31,24,,,,,,,,,,,,,
2026-09-29T21:47:03Z,401872951,2026-09-27T17:00Z,2026,3,2,IND,HOU,post,True,19,17,,,,,,,,,,,,,
2026-09-29T21:47:03Z,401872952,2026-09-27T17:00Z,2026,3,2,MIA,KC,post,True,10,24,,,,,,,,,,,,,
2026-09-29T21:47:03Z,401872956,2026-09-27T17:00Z,2026,3,2,NYG,TEN,post,True,12,7,,,,,,,,,,,,,
2026-09-29T21:47:03Z,401872950,2026-09-27T17:00Z,2026,3,2,PIT,CIN,post,True,30,27,,,,,,,,,,,,,
2026-09-29T21:47:03Z,401872955,2026-09-27T17:00Z,2026,3,2,WAS,SEA,post,True,33,31,,,,,,,,,,,,,
2026-09-29T21:47:03Z,401872957,2026-09-27T17:00Z,2026,3,2,JAX,NE,post,True,35,6,,,,,,,,,,,,,
2026-09-29T21:47:03Z,401872958,2026-09-27T20:05Z,2026,3,2,SF,ARI,post,True,36,30,,,,,,,,,,,,,
2026-09-29T21:47:03Z,401872959,2026-09-27T20:05Z,2026,3,2,TB,MIN,post,True,16,23,,,,,,,,,,,,,
2026-09-29T21:47:03Z,401872960,2026-09-27T20:25Z,2026,3,2,DAL,BAL,post,True,31,34,,,,,,,,,,,,,
2026-09-29T21:47:03Z,401872961,2026-09-27T20:25Z,2026,3,2,NO,LV,post,True,27,35,,,,,,,,,,,,,
2026-09-29T21:47:03Z,401872962,2026-09-28T00:20Z,2026,3,2,DEN,LA,post,True,30,26,,,,,,,,,,,,,
2026-09-29T21:47:03Z,401872963,2026-09-29T00:15Z,2026,3,2,CHI,PHI,post,True,27,7,,,,,,,,,,,,,
2026-09-29T21:47:03Z,401872964,2026-10-02T00:15Z,2026,4,2,CLE,PIT,pre,False,0,0,DraftKings,2.5,38.5,2.5,40.5,100.0,-120.0,-105.0,-115.0,124.0,-148.0,114.0,-135.0
2026-09-29T21:47:03Z,401872965,2026-10-04T13:30Z,2026,4,2,WAS,IND,pre,False,0,0,DraftKings,3.5,47.5,-1.5,48.5,-108.0,-112.0,-102.0,-118.0,160.0,-192.0,-110.0,-110.0
2026-09-29T21:47:03Z,401872971,2026-10-04T17:00Z,2026,4,2,BUF,NE,pre,False,0,0,DraftKings,-7.0,48.5,-3.0,49.5,-105.0,-115.0,-110.0,-110.0,-285.0,230.0,-162.0,136.0
2026-09-29T21:47:03Z,401872972,2026-10-04T17:00Z,2026,4,2,CHI,NYJ,pre,False,0,0,DraftKings,-3.5,42.5,-8.5,45.5,-102.0,-118.0,-115.0,-105.0,-170.0,142.0,-380.0,300.0
2026-09-29T21:47:03Z,401872969,2026-10-04T17:00Z,2026,4,2,CIN,JAX,pre,False,0,0,DraftKings,-2.5,51.5,-2.5,51.5,-115.0,-105.0,-102.0,-118.0,-148.0,124.0,-135.0,114.0
2026-09-29T21:47:03Z,401872966,2026-10-04T17:00Z,2026,4,2,NYG,ARI,pre,False,0,0,DraftKings,1.5,44.5,-7.0,45.5,-110.0,-110.0,-108.0,-112.0,105.0,-125.0,-325.0,260.0
2026-09-29T21:47:03Z,401872970,2026-10-04T17:00Z,2026,4,2,PHI,LA,pre,False,0,0,DraftKings,3.0,43.5,1.5,47.5,-112.0,-108.0,-105.0,-115.0,136.0,-162.0,-102.0,-118.0
2026-09-29T21:47:03Z,401872968,2026-10-04T17:00Z,2026,4,2,TB,GB,pre,False,0,0,DraftKings,3.5,39.5,1.5,47.5,100.0,-120.0,-118.0,-102.0,160.0,-192.0,105.0,-125.0
2026-09-29T21:47:03Z,401872973,2026-10-04T17:00Z,2026,4,2,BAL,TEN,pre,False,0,0,DraftKings,-11.5,43.5,-8.5,47.5,-108.0,-112.0,-110.0,-110.0,-750.0,525.0,-395.0,310.0
2026-09-29T21:47:03Z,401872967,2026-10-04T17:00Z,2026,4,2,HOU,DAL,pre,False,0,0,DraftKings,-2.5,48.5,-2.5,47.5,-115.0,-105.0,-105.0,-115.0,-142.0,120.0,-135.0,114.0
2026-09-29T21:47:03Z,401872974,2026-10-04T20:05Z,2026,4,2,MIN,MIA,pre,False,0,0,DraftKings,-10.5,38.5,-7.5,43.5,-112.0,-108.0,-110.0,-110.0,-675.0,490.0,-395.0,310.0
2026-09-29T21:47:03Z,401872976,2026-10-04T20:25Z,2026,4,2,LV,KC,pre,False,0,0,DraftKings,4.5,47.5,5.5,43.5,-108.0,-112.0,-115.0,-105.0,185.0,-225.0,210.0,-258.0
2026-09-29T21:47:03Z,401872975,2026-10-04T20:25Z,2026,4,2,SF,DEN,pre,False,0,0,DraftKings,-3.0,47.5,-2.5,46.5,100.0,-120.0,-110.0,-110.0,-155.0,130.0,-135.0,114.0
2026-09-29T21:47:03Z,401872977,2026-10-04T20:25Z,2026,4,2,SEA,LAC,pre,False,0,0,DraftKings,-7.0,42.5,-3.0,45.5,-115.0,-105.0,-118.0,-102.0,-355.0,280.0,-162.0,136.0
2026-09-29T21:47:03Z,401872978,2026-10-05T00:20Z,2026,4,2,CAR,DET,pre,False,0,0,DraftKings,3.5,50.5,3.0,45.5,-108.0,-112.0,-112.0,-108.0,150.0,-180.0,136.0,-162.0
2026-09-29T21:47:03Z,401872979,2026-10-06T00:15Z,2026,4,2,NO,ATL,pre,False,0,0,DraftKings,-3.0,48.5,-2.5,45.5,-102.0,-118.0,-112.0,-108.0,-155.0,130.0,-135.0,114.0
2026-09-29T22:18:15Z,401872974,2026-10-04T20:05Z,2026,4,2,MIN,MIA,pre,False,0,0,Draft Kings,-10.5,38.5,-7.5,43.5,-112.0,-108.0,-110.0,-110.0,-650.0,470.0,-395.0,310.0
2026-09-29T23:07:26Z,401872971,2026-10-04T17:00Z,2026,4,2,BUF,NE,pre,False,0,0,DraftKings,-7.0,48.5,-3.0,49.5,-105.0,-115.0,-110.0,-110.0,-298.0,240.0,-162.0,136.0
