run_at,season,week,game_id,market,bet,price,p_win,p_push,ev,is_play,stake
2026-09-29T22:16:05.420023+00:00,2026,4,2026_04_PIT_CLE,spread,PIT −2.5,-120.0,0.5175,0.0,-0.0512,False,0.0
2026-09-29T22:16:05.420023+00:00,2026,4,2026_04_PIT_CLE,total,Over 38.5,-105.0,0.5116,0.0,-0.0012,False,0.0
2026-09-29T22:16:05.420023+00:00,2026,4,2026_04_PIT_CLE,moneyline,PIT to win,-148.0,0.5715,0.0089,-0.0335,False,0.0
2026-09-29T22:16:05.420023+00:00,2026,4,2026_04_IND_WAS,spread,IND −3.5,-112.0,0.5003,0.0,-0.053,False,0.0
2026-09-29T22:16:05.420023+00:00,2026,4,2026_04_IND_WAS,total,Under 47.5,-118.0,0.5047,0.0,-0.0676,False,0.0
2026-09-29T22:16:05.420023+00:00,2026,4,2026_04_IND_WAS,moneyline,IND to win,-192.0,0.6244,0.0086,-0.0418,False,0.0
2026-09-29T22:16:05.420023+00:00,2026,4,2026_04_ARI_NYG,spread,ARI −1.5,-110.0,0.5059,0.0,-0.0342,False,0.0
2026-09-29T22:16:05.420023+00:00,2026,4,2026_04_ARI_NYG,total,Under 44.5,-112.0,0.5532,0.0,0.0471,False,13.2
2026-09-29T22:16:05.420023+00:00,2026,4,2026_04_ARI_NYG,moneyline,ARI to win,-125.0,0.5326,0.009,-0.0322,False,0.0
2026-09-29T22:16:05.420023+00:00,2026,4,2026_04_DAL_HOU,spread,HOU −2.5,-115.0,0.5255,0.0,-0.0176,False,0.0
2026-09-29T22:16:05.420023+00:00,2026,4,2026_04_DAL_HOU,total,Under 48.5,-115.0,0.5092,0.0,-0.048,False,0.0
2026-09-29T22:16:05.420023+00:00,2026,4,2026_04_DAL_HOU,moneyline,HOU to win,-142.0,0.5799,0.0089,-0.0029,False,0.0
2026-09-29T22:16:05.420023+00:00,2026,4,2026_04_GB_TB,spread,GB −3.5,-120.0,0.5047,0.0,-0.0746,False,0.0
2026-09-29T22:16:05.420023+00:00,2026,4,2026_04_GB_TB,total,Over 39.5,-118.0,0.5621,0.0,0.0385,False,11.35
2026-09-29T22:16:05.420023+00:00,2026,4,2026_04_GB_TB,moneyline,GB to win,-192.0,0.6286,0.0085,-0.0354,False,0.0
2026-09-29T22:16:05.420023+00:00,2026,4,2026_04_JAX_CIN,spread,CIN −2.5,-115.0,0.5144,0.0,-0.0383,False,0.0
2026-09-29T22:16:05.420023+00:00,2026,4,2026_04_JAX_CIN,total,Under 51.5,-118.0,0.5123,0.0,-0.0536,False,0.0
2026-09-29T22:16:05.420023+00:00,2026,4,2026_04_JAX_CIN,moneyline,CIN to win,-148.0,0.5689,0.0089,-0.0377,False,0.0
2026-09-29T22:16:05.420023+00:00,2026,4,2026_04_LA_PHI,spread,PHI +3,-112.0,0.4655,0.0715,-0.0474,False,0.0
2026-09-29T22:16:05.420023+00:00,2026,4,2026_04_LA_PHI,total,Over 43.5,-105.0,0.507,0.0,-0.0102,False,0.0
2026-09-29T22:16:05.420023+00:00,2026,4,2026_04_LA_PHI,moneyline,LA to win,-162.0,0.5883,0.0088,-0.0398,False,0.0
2026-09-29T22:16:05.420023+00:00,2026,4,2026_04_NE_BUF,spread,NE +7,-115.0,0.4922,0.0496,-0.0302,False,0.0
2026-09-29T22:16:05.420023+00:00,2026,4,2026_04_NE_BUF,total,Over 48.5,-110.0,0.5244,0.0,0.001,False,0.28
2026-09-29T22:16:05.420023+00:00,2026,4,2026_04_NE_BUF,moneyline,BUF to win,-285.0,0.7198,0.0076,-0.0201,False,0.0
2026-09-29T22:16:05.420023+00:00,2026,4,2026_04_NYJ_CHI,spread,NYJ +3.5,-118.0,0.5155,0.0,-0.0476,False,0.0
2026-09-29T22:16:05.420023+00:00,2026,4,2026_04_NYJ_CHI,total,Over 42.5,-115.0,0.5427,0.0,0.0147,False,4.22
2026-09-29T22:16:05.420023+00:00,2026,4,2026_04_NYJ_CHI,moneyline,CHI to win,-170.0,0.6145,0.0087,-0.0153,False,0.0
2026-09-29T22:16:05.420023+00:00,2026,4,2026_04_TEN_BAL,spread,TEN +11.5,-112.0,0.5063,0.0,-0.0416,False,0.0
2026-09-29T22:16:05.420023+00:00,2026,4,2026_04_TEN_BAL,total,Under 43.5,-110.0,0.5126,0.0,-0.0214,False,0.0
2026-09-29T22:16:05.420023+00:00,2026,4,2026_04_TEN_BAL,moneyline,BAL to win,-750.0,0.8222,0.0058,-0.0624,False,0.0
2026-09-29T22:16:05.420023+00:00,2026,4,2026_04_TEN_BAL,moneyline,TEN to win,525.0,0.172,0.0058,0.0807,True,3.87
2026-09-29T22:16:05.420023+00:00,2026,4,2026_04_MIA_MIN,spread,MIA +10.5,-108.0,0.5019,0.0,-0.0333,False,0.0
2026-09-29T22:16:05.420023+00:00,2026,4,2026_04_MIA_MIN,total,Over 38.5,-110.0,0.5448,0.0,0.0401,False,11.02
2026-09-29T22:16:05.420023+00:00,2026,4,2026_04_MIA_MIN,moneyline,MIN to win,-650.0,0.812,0.006,-0.057,False,0.0
2026-09-29T22:16:05.420023+00:00,2026,4,2026_04_MIA_MIN,moneyline,MIA to win,470.0,0.1819,0.006,0.043,True,2.3
2026-09-29T22:16:05.420023+00:00,2026,4,2026_04_DEN_SF,spread,DEN +3,-120.0,0.4762,0.0764,-0.0505,False,0.0
2026-09-29T22:16:05.420023+00:00,2026,4,2026_04_DEN_SF,total,Over 47.5,-110.0,0.5355,0.0,0.0224,True,6.16
2026-09-29T22:16:05.420023+00:00,2026,4,2026_04_DEN_SF,moneyline,SF to win,-155.0,0.5782,0.0089,-0.0399,False,0.0
2026-09-29T22:16:05.420023+00:00,2026,4,2026_04_KC_LV,spread,LV +4.5,-108.0,0.5121,0.0,-0.0138,False,0.0
2026-09-29T22:16:05.420023+00:00,2026,4,2026_04_KC_LV,total,Under 47.5,-105.0,0.5107,0.0,-0.0029,False,0.0
2026-09-29T22:16:05.420023+00:00,2026,4,2026_04_KC_LV,moneyline,KC to win,-225.0,0.6419,0.0084,-0.0644,False,0.0
2026-09-29T22:16:05.420023+00:00,2026,4,2026_04_LAC_SEA,spread,SEA −7,-115.0,0.4833,0.0494,-0.0471,False,0.0
2026-09-29T22:16:05.420023+00:00,2026,4,2026_04_LAC_SEA,total,Under 42.5,-102.0,0.5047,0.0,-0.0005,False,0.0
2026-09-29T22:16:05.420023+00:00,2026,4,2026_04_LAC_SEA,moneyline,SEA to win,-355.0,0.7402,0.0073,-0.044,False,0.0
2026-09-29T22:16:05.420023+00:00,2026,4,2026_04_DET_CAR,spread,DET −3.5,-112.0,0.5006,0.0,-0.0525,False,0.0
2026-09-29T22:16:05.420023+00:00,2026,4,2026_04_DET_CAR,total,Over 50.5,-112.0,0.5115,0.0,-0.0318,False,0.0
2026-09-29T22:16:05.420023+00:00,2026,4,2026_04_DET_CAR,moneyline,DET to win,-180.0,0.6247,0.0086,-0.0197,False,0.0
2026-09-29T22:16:05.420023+00:00,2026,4,2026_04_ATL_NO,spread,ATL +3,-118.0,0.4829,0.0763,-0.0317,False,0.0
2026-09-29T22:16:05.420023+00:00,2026,4,2026_04_ATL_NO,total,Under 48.5,-108.0,0.5333,0.0,0.027,True,7.29
2026-09-29T22:16:05.420023+00:00,2026,4,2026_04_ATL_NO,moneyline,NO to win,-155.0,0.5717,0.0089,-0.0506,False,0.0
