run_at,market,side,team,bet,line,price,edge,chance,breakeven,value,game_id,season,week,home_team,away_team,kickoff_utc,highlight,top
2026-09-30T00:41:26.100485+00:00,spread,home,CLE,CLE +2.5,2.5,100.0,1.354,0.5026680896478122,0.5,0.0026680896478121774,2026_04_PIT_CLE,2026,4,CLE,PIT,2026-10-02T00:15:00+00:00,False,False
2026-09-30T00:41:26.100485+00:00,total,over,,Over 38.5,38.5,-105.0,0.7993999999999986,0.4933605720122574,0.5121951219512195,-0.01883454993896211,2026_04_PIT_CLE,2026,4,CLE,PIT,2026-10-02T00:15:00+00:00,False,False
2026-09-30T00:41:26.100485+00:00,winner,away,PIT,PIT to win,0.0,-148.0,,0.5347,0.5967741935483871,-0.06207419354838717,2026_04_PIT_CLE,2026,4,CLE,PIT,2026-10-02T00:15:00+00:00,False,False
2026-09-30T00:41:26.100485+00:00,spread,home,WAS,WAS +3.5,3.5,-108.0,2.3151,0.5148782687105501,0.5192307692307693,-0.0043525005202191824,2026_04_IND_WAS,2026,4,WAS,IND,2026-10-04T13:30:00+00:00,False,False
2026-09-30T00:41:26.100485+00:00,total,over,,Over 47.5,47.5,-102.0,1.1052999999999997,0.4933605720122574,0.504950495049505,-0.01158992303724754,2026_04_IND_WAS,2026,4,WAS,IND,2026-10-04T13:30:00+00:00,False,False
2026-09-30T00:41:26.100485+00:00,winner,away,IND,IND to win,0.0,-192.0,,0.5359,0.6575342465753424,-0.12163424657534239,2026_04_IND_WAS,2026,4,WAS,IND,2026-10-04T13:30:00+00:00,False,False
2026-09-30T00:41:26.100485+00:00,spread,away,ARI,ARI −1.5,-1.5,-110.0,0.7176,0.5026680896478122,0.5238095238095238,-0.02114143416171166,2026_04_ARI_NYG,2026,4,NYG,ARI,2026-10-04T17:00:00+00:00,False,False
2026-09-30T00:41:26.100485+00:00,total,under,,Under 44.5,44.5,-112.0,2.1811000000000007,0.5102040816326531,0.5283018867924528,-0.01809780515979975,2026_04_ARI_NYG,2026,4,NYG,ARI,2026-10-04T17:00:00+00:00,False,False
2026-09-30T00:41:26.100485+00:00,winner,away,ARI,ARI to win,0.0,-125.0,,0.5684,0.5555555555555556,0.012844444444444436,2026_04_ARI_NYG,2026,4,NYG,ARI,2026-10-04T17:00:00+00:00,False,False
2026-09-30T00:41:26.100485+00:00,spread,home,HOU,HOU −2.5,-2.5,-115.0,2.5000999999999998,0.5148782687105501,0.5348837209302325,-0.020005452219682418,2026_04_DAL_HOU,2026,4,HOU,DAL,2026-10-04T17:00:00+00:00,False,False
2026-09-30T00:41:26.100485+00:00,total,under,,Under 48.5,48.5,-115.0,0.12919999999999732,0.4933605720122574,0.5348837209302325,-0.041523148917975095,2026_04_DAL_HOU,2026,4,HOU,DAL,2026-10-04T17:00:00+00:00,False,False
2026-09-30T00:41:26.100485+00:00,winner,home,HOU,HOU to win,0.0,-142.0,,0.6551,0.5867768595041323,0.06832314049586774,2026_04_DAL_HOU,2026,4,HOU,DAL,2026-10-04T17:00:00+00:00,False,False
2026-09-30T00:41:26.100485+00:00,spread,home,TB,TB +3.5,3.5,100.0,3.9581,0.5148782687105501,0.5,0.014878268710550091,2026_04_GB_TB,2026,4,TB,GB,2026-10-04T17:00:00+00:00,True,False
2026-09-30T00:41:26.100485+00:00,total,over,,Over 39.5,39.5,-118.0,5.406100000000002,0.5116731517509727,0.5412844036697247,-0.029611251918752024,2026_04_GB_TB,2026,4,TB,GB,2026-10-04T17:00:00+00:00,False,False
2026-09-30T00:41:26.100485+00:00,winner,home,TB,TB to win,0.0,160.0,,0.5161,0.38461538461538464,0.13148461538461537,2026_04_GB_TB,2026,4,TB,GB,2026-10-04T17:00:00+00:00,False,False
2026-09-30T00:41:26.100485+00:00,spread,away,JAX,JAX +2.5,2.5,-105.0,1.7448000000000001,0.5026680896478122,0.5121951219512195,-0.009527032303407346,2026_04_JAX_CIN,2026,4,CIN,JAX,2026-10-04T17:00:00+00:00,False,False
2026-09-30T00:41:26.100485+00:00,total,under,,Under 51.5,51.5,-118.0,0.15409999999999968,0.4933605720122574,0.5412844036697247,-0.04792383165746733,2026_04_JAX_CIN,2026,4,CIN,JAX,2026-10-04T17:00:00+00:00,False,False
2026-09-30T00:41:26.100485+00:00,winner,home,CIN,CIN to win,0.0,-148.0,,0.5255,0.5967741935483871,-0.07127419354838715,2026_04_JAX_CIN,2026,4,CIN,JAX,2026-10-04T17:00:00+00:00,False,False
2026-09-30T00:41:26.100485+00:00,spread,home,PHI,PHI +3,3.0,-112.0,1.0996,0.5026680896478122,0.5283018867924528,-0.025633797144640647,2026_04_LA_PHI,2026,4,PHI,LA,2026-10-04T17:00:00+00:00,False,False
2026-09-30T00:41:26.100485+00:00,total,over,,Over 43.5,43.5,-105.0,4.2845999999999975,0.5116731517509727,0.5121951219512195,-0.0005219702002468019,2026_04_LA_PHI,2026,4,PHI,LA,2026-10-04T17:00:00+00:00,False,False
2026-09-30T00:41:26.100485+00:00,winner,away,LA,LA to win,0.0,-162.0,,0.5584,0.6183206106870229,-0.059920610687022924,2026_04_LA_PHI,2026,4,PHI,LA,2026-10-04T17:00:00+00:00,False,False
2026-09-30T00:41:26.100485+00:00,spread,away,NE,NE +7,7.0,-115.0,2.0330000000000004,0.5148782687105501,0.5348837209302325,-0.020005452219682418,2026_04_NE_BUF,2026,4,BUF,NE,2026-10-04T17:00:00+00:00,False,False
2026-09-30T00:41:26.100485+00:00,total,over,,Over 48.5,48.5,-110.0,2.1388000000000034,0.5102040816326531,0.5238095238095238,-0.013605442176870763,2026_04_NE_BUF,2026,4,BUF,NE,2026-10-04T17:00:00+00:00,False,False
2026-09-30T00:41:26.100485+00:00,winner,home,BUF,BUF to win,0.0,-298.0,,0.6541,0.7487437185929648,-0.09464371859296483,2026_04_NE_BUF,2026,4,BUF,NE,2026-10-04T17:00:00+00:00,False,False
2026-09-30T00:41:26.100485+00:00,spread,home,CHI,CHI −3.5,-3.5,-102.0,3.0393,0.5148782687105501,0.504950495049505,0.009927773661045136,2026_04_NYJ_CHI,2026,4,CHI,NYJ,2026-10-04T17:00:00+00:00,False,False
2026-09-30T00:41:26.100485+00:00,total,over,,Over 43.5,43.5,-102.0,1.485999999999997,0.4933605720122574,0.504950495049505,-0.01158992303724754,2026_04_NYJ_CHI,2026,4,CHI,NYJ,2026-10-04T17:00:00+00:00,False,False
2026-09-30T00:41:26.100485+00:00,winner,home,CHI,CHI to win,0.0,-175.0,,0.6982,0.6363636363636364,0.06183636363636369,2026_04_NYJ_CHI,2026,4,CHI,NYJ,2026-10-04T17:00:00+00:00,False,False
2026-09-30T00:41:26.100485+00:00,spread,home,BAL,BAL −11.5,-11.5,-108.0,0.7204999999999995,0.5026680896478122,0.5192307692307693,-0.016562679582957096,2026_04_TEN_BAL,2026,4,BAL,TEN,2026-10-04T17:00:00+00:00,False,False
2026-09-30T00:41:26.100485+00:00,total,over,,Over 43.5,43.5,-110.0,1.5009999999999977,0.4933605720122574,0.5238095238095238,-0.03044895179726642,2026_04_TEN_BAL,2026,4,BAL,TEN,2026-10-04T17:00:00+00:00,False,False
2026-09-30T00:41:26.100485+00:00,winner,home,BAL,BAL to win,0.0,-750.0,,0.8303,0.8823529411764706,-0.052052941176470524,2026_04_TEN_BAL,2026,4,BAL,TEN,2026-10-04T17:00:00+00:00,False,False
2026-09-30T00:41:26.100485+00:00,spread,away,MIA,MIA +10.5,10.5,-108.0,0.3683999999999994,0.5026680896478122,0.5192307692307693,-0.016562679582957096,2026_04_MIA_MIN,2026,4,MIN,MIA,2026-10-04T20:05:00+00:00,False,False
2026-09-30T00:41:26.100485+00:00,total,over,,Over 38.5,38.5,-110.0,4.667900000000003,0.5116731517509727,0.5238095238095238,-0.012136372058551115,2026_04_MIA_MIN,2026,4,MIN,MIA,2026-10-04T20:05:00+00:00,False,False
2026-09-30T00:41:26.100485+00:00,winner,home,MIN,MIN to win,0.0,-650.0,,0.787,0.8666666666666667,-0.07966666666666666,2026_04_MIA_MIN,2026,4,MIN,MIA,2026-10-04T20:05:00+00:00,False,False
2026-09-30T00:41:26.100485+00:00,spread,away,DEN,DEN +3,3.0,-120.0,0.8025000000000002,0.5026680896478122,0.5454545454545454,-0.04278645580673324,2026_04_DEN_SF,2026,4,SF,DEN,2026-10-04T20:25:00+00:00,False,False
2026-09-30T00:41:26.100485+00:00,total,over,,Over 47.5,47.5,-110.0,3.804299999999998,0.5102040816326531,0.5238095238095238,-0.013605442176870763,2026_04_DEN_SF,2026,4,SF,DEN,2026-10-04T20:25:00+00:00,False,False
2026-09-30T00:41:26.100485+00:00,winner,home,SF,SF to win,0.0,-155.0,,0.5707,0.6078431372549019,-0.037143137254901926,2026_04_DEN_SF,2026,4,SF,DEN,2026-10-04T20:25:00+00:00,False,False
2026-09-30T00:41:26.100485+00:00,spread,home,LV,LV +4.5,4.5,-108.0,0.0118999999999998,0.5026680896478122,0.5192307692307693,-0.016562679582957096,2026_04_KC_LV,2026,4,LV,KC,2026-10-04T20:25:00+00:00,False,False
2026-09-30T00:41:26.100485+00:00,total,under,,Under 47.5,47.5,-105.0,1.2040999999999968,0.4933605720122574,0.5121951219512195,-0.01883454993896211,2026_04_KC_LV,2026,4,LV,KC,2026-10-04T20:25:00+00:00,False,False
2026-09-30T00:41:26.100485+00:00,winner,away,KC,KC to win,0.0,-225.0,,0.6375,0.6923076923076923,-0.054807692307692335,2026_04_KC_LV,2026,4,LV,KC,2026-10-04T20:25:00+00:00,False,False
2026-09-30T00:41:26.100485+00:00,spread,home,SEA,SEA −7,-7.0,-115.0,2.1707,0.5148782687105501,0.5348837209302325,-0.020005452219682418,2026_04_LAC_SEA,2026,4,SEA,LAC,2026-10-04T20:25:00+00:00,False,False
2026-09-30T00:41:26.100485+00:00,total,under,,Under 42.5,42.5,-102.0,2.371000000000002,0.5102040816326531,0.504950495049505,0.005253586583148118,2026_04_LAC_SEA,2026,4,SEA,LAC,2026-10-04T20:25:00+00:00,False,False
2026-09-30T00:41:26.100485+00:00,winner,home,SEA,SEA to win,0.0,-355.0,,0.765,0.7802197802197802,-0.01521978021978021,2026_04_LAC_SEA,2026,4,SEA,LAC,2026-10-04T20:25:00+00:00,False,False
2026-09-30T00:41:26.100485+00:00,spread,home,CAR,CAR +3.5,3.5,-108.0,2.2344999999999997,0.5148782687105501,0.5192307692307693,-0.0043525005202191824,2026_04_DET_CAR,2026,4,CAR,DET,2026-10-05T00:20:00+00:00,False,False
2026-09-30T00:41:26.100485+00:00,total,under,,Under 50.5,50.5,-108.0,1.5007999999999981,0.4933605720122574,0.5192307692307693,-0.02587019721851186,2026_04_DET_CAR,2026,4,CAR,DET,2026-10-05T00:20:00+00:00,False,False
2026-09-30T00:41:26.100485+00:00,winner,away,DET,DET to win,0.0,-180.0,,0.5385,0.6428571428571429,-0.10435714285714293,2026_04_DET_CAR,2026,4,CAR,DET,2026-10-05T00:20:00+00:00,False,False
2026-09-30T00:41:26.100485+00:00,spread,away,ATL,ATL +3,3.0,-118.0,0.19530000000000003,0.5026680896478122,0.5412844036697247,-0.03861631402191257,2026_04_ATL_NO,2026,4,NO,ATL,2026-10-06T00:15:00+00:00,False,False
2026-09-30T00:41:26.100485+00:00,total,under,,Under 48.5,48.5,-108.0,0.40220000000000056,0.4933605720122574,0.5192307692307693,-0.02587019721851186,2026_04_ATL_NO,2026,4,NO,ATL,2026-10-06T00:15:00+00:00,False,False
2026-09-30T00:41:26.100485+00:00,winner,home,NO,NO to win,0.0,-155.0,,0.5894,0.6078431372549019,-0.018443137254901876,2026_04_ATL_NO,2026,4,NO,ATL,2026-10-06T00:15:00+00:00,False,False
2026-09-30T02:06:19.550117+00:00,spread,home,CLE,CLE +2.5,2.5,100.0,1.3535,0.5026680896478122,0.5,0.0026680896478121774,2026_04_PIT_CLE,2026,4,CLE,PIT,2026-10-02T00:15:00+00:00,False,False
2026-09-30T02:06:19.550117+00:00,total,over,,Over 38.5,38.5,-105.0,0.8074999999999974,0.4933605720122574,0.5121951219512195,-0.01883454993896211,2026_04_PIT_CLE,2026,4,CLE,PIT,2026-10-02T00:15:00+00:00,False,False
2026-09-30T02:06:19.550117+00:00,winner,away,PIT,PIT to win,0.0,-148.0,,0.5347,0.5967741935483871,-0.06207419354838717,2026_04_PIT_CLE,2026,4,CLE,PIT,2026-10-02T00:15:00+00:00,False,False
2026-09-30T02:06:19.550117+00:00,spread,home,WAS,WAS +3.5,3.5,-108.0,2.3151,0.5148782687105501,0.5192307692307693,-0.0043525005202191824,2026_04_IND_WAS,2026,4,WAS,IND,2026-10-04T13:30:00+00:00,False,False
2026-09-30T02:06:19.550117+00:00,total,over,,Over 47.5,47.5,-102.0,1.1052999999999997,0.4933605720122574,0.504950495049505,-0.01158992303724754,2026_04_IND_WAS,2026,4,WAS,IND,2026-10-04T13:30:00+00:00,False,False
2026-09-30T02:06:19.550117+00:00,winner,away,IND,IND to win,0.0,-192.0,,0.5359,0.6575342465753424,-0.12163424657534239,2026_04_IND_WAS,2026,4,WAS,IND,2026-10-04T13:30:00+00:00,False,False
2026-09-30T02:06:19.550117+00:00,spread,away,ARI,ARI −1.5,-1.5,-110.0,0.7176,0.5026680896478122,0.5238095238095238,-0.02114143416171166,2026_04_ARI_NYG,2026,4,NYG,ARI,2026-10-04T17:00:00+00:00,False,False
2026-09-30T02:06:19.550117+00:00,total,under,,Under 44.5,44.5,-112.0,2.1811000000000007,0.5102040816326531,0.5283018867924528,-0.01809780515979975,2026_04_ARI_NYG,2026,4,NYG,ARI,2026-10-04T17:00:00+00:00,False,False
2026-09-30T02:06:19.550117+00:00,winner,away,ARI,ARI to win,0.0,-125.0,,0.5684,0.5555555555555556,0.012844444444444436,2026_04_ARI_NYG,2026,4,NYG,ARI,2026-10-04T17:00:00+00:00,False,False
2026-09-30T02:06:19.550117+00:00,spread,home,HOU,HOU −2.5,-2.5,-115.0,2.5000999999999998,0.5148782687105501,0.5348837209302325,-0.020005452219682418,2026_04_DAL_HOU,2026,4,HOU,DAL,2026-10-04T17:00:00+00:00,False,False
2026-09-30T02:06:19.550117+00:00,total,under,,Under 48.5,48.5,-115.0,0.12919999999999732,0.4933605720122574,0.5348837209302325,-0.041523148917975095,2026_04_DAL_HOU,2026,4,HOU,DAL,2026-10-04T17:00:00+00:00,False,False
2026-09-30T02:06:19.550117+00:00,winner,home,HOU,HOU to win,0.0,-142.0,,0.6551,0.5867768595041323,0.06832314049586774,2026_04_DAL_HOU,2026,4,HOU,DAL,2026-10-04T17:00:00+00:00,False,False
2026-09-30T02:06:19.550117+00:00,spread,home,TB,TB +3.5,3.5,100.0,3.9581,0.5148782687105501,0.5,0.014878268710550091,2026_04_GB_TB,2026,4,TB,GB,2026-10-04T17:00:00+00:00,True,False
2026-09-30T02:06:19.550117+00:00,total,over,,Over 39.5,39.5,-118.0,5.406100000000002,0.5116731517509727,0.5412844036697247,-0.029611251918752024,2026_04_GB_TB,2026,4,TB,GB,2026-10-04T17:00:00+00:00,False,False
2026-09-30T02:06:19.550117+00:00,winner,home,TB,TB to win,0.0,160.0,,0.5161,0.38461538461538464,0.13148461538461537,2026_04_GB_TB,2026,4,TB,GB,2026-10-04T17:00:00+00:00,False,False
2026-09-30T02:06:19.550117+00:00,spread,away,JAX,JAX +2.5,2.5,-105.0,1.7448000000000001,0.5026680896478122,0.5121951219512195,-0.009527032303407346,2026_04_JAX_CIN,2026,4,CIN,JAX,2026-10-04T17:00:00+00:00,False,False
2026-09-30T02:06:19.550117+00:00,total,under,,Under 51.5,51.5,-118.0,0.15409999999999968,0.4933605720122574,0.5412844036697247,-0.04792383165746733,2026_04_JAX_CIN,2026,4,CIN,JAX,2026-10-04T17:00:00+00:00,False,False
2026-09-30T02:06:19.550117+00:00,winner,home,CIN,CIN to win,0.0,-148.0,,0.5255,0.5967741935483871,-0.07127419354838715,2026_04_JAX_CIN,2026,4,CIN,JAX,2026-10-04T17:00:00+00:00,False,False
2026-09-30T02:06:19.550117+00:00,spread,home,PHI,PHI +3,3.0,-112.0,1.0996,0.5026680896478122,0.5283018867924528,-0.025633797144640647,2026_04_LA_PHI,2026,4,PHI,LA,2026-10-04T17:00:00+00:00,False,False
2026-09-30T02:06:19.550117+00:00,total,over,,Over 43.5,43.5,-105.0,4.2845999999999975,0.5116731517509727,0.5121951219512195,-0.0005219702002468019,2026_04_LA_PHI,2026,4,PHI,LA,2026-10-04T17:00:00+00:00,False,False
2026-09-30T02:06:19.550117+00:00,winner,away,LA,LA to win,0.0,-162.0,,0.5584,0.6183206106870229,-0.059920610687022924,2026_04_LA_PHI,2026,4,PHI,LA,2026-10-04T17:00:00+00:00,False,False
2026-09-30T02:06:19.550117+00:00,spread,away,NE,NE +7,7.0,-115.0,2.0330000000000004,0.5148782687105501,0.5348837209302325,-0.020005452219682418,2026_04_NE_BUF,2026,4,BUF,NE,2026-10-04T17:00:00+00:00,False,False
2026-09-30T02:06:19.550117+00:00,total,over,,Over 48.5,48.5,-110.0,2.1388000000000034,0.5102040816326531,0.5238095238095238,-0.013605442176870763,2026_04_NE_BUF,2026,4,BUF,NE,2026-10-04T17:00:00+00:00,False,False
2026-09-30T02:06:19.550117+00:00,winner,home,BUF,BUF to win,0.0,-298.0,,0.6541,0.7487437185929648,-0.09464371859296483,2026_04_NE_BUF,2026,4,BUF,NE,2026-10-04T17:00:00+00:00,False,False
2026-09-30T02:06:19.550117+00:00,spread,home,CHI,CHI −3.5,-3.5,-102.0,3.0393,0.5148782687105501,0.504950495049505,0.009927773661045136,2026_04_NYJ_CHI,2026,4,CHI,NYJ,2026-10-04T17:00:00+00:00,False,False
2026-09-30T02:06:19.550117+00:00,total,over,,Over 43.5,43.5,-102.0,1.485999999999997,0.4933605720122574,0.504950495049505,-0.01158992303724754,2026_04_NYJ_CHI,2026,4,CHI,NYJ,2026-10-04T17:00:00+00:00,False,False
2026-09-30T02:06:19.550117+00:00,winner,home,CHI,CHI to win,0.0,-175.0,,0.6982,0.6363636363636364,0.06183636363636369,2026_04_NYJ_CHI,2026,4,CHI,NYJ,2026-10-04T17:00:00+00:00,False,False
2026-09-30T02:06:19.550117+00:00,spread,home,BAL,BAL −11.5,-11.5,-108.0,0.7204999999999995,0.5026680896478122,0.5192307692307693,-0.016562679582957096,2026_04_TEN_BAL,2026,4,BAL,TEN,2026-10-04T17:00:00+00:00,False,False
2026-09-30T02:06:19.550117+00:00,total,over,,Over 43.5,43.5,-110.0,1.5009999999999977,0.4933605720122574,0.5238095238095238,-0.03044895179726642,2026_04_TEN_BAL,2026,4,BAL,TEN,2026-10-04T17:00:00+00:00,False,False
2026-09-30T02:06:19.550117+00:00,winner,home,BAL,BAL to win,0.0,-750.0,,0.8303,0.8823529411764706,-0.052052941176470524,2026_04_TEN_BAL,2026,4,BAL,TEN,2026-10-04T17:00:00+00:00,False,False
2026-09-30T02:06:19.550117+00:00,spread,away,MIA,MIA +10.5,10.5,-108.0,0.3683999999999994,0.5026680896478122,0.5192307692307693,-0.016562679582957096,2026_04_MIA_MIN,2026,4,MIN,MIA,2026-10-04T20:05:00+00:00,False,False
2026-09-30T02:06:19.550117+00:00,total,over,,Over 38.5,38.5,-110.0,4.667900000000003,0.5116731517509727,0.5238095238095238,-0.012136372058551115,2026_04_MIA_MIN,2026,4,MIN,MIA,2026-10-04T20:05:00+00:00,False,False
2026-09-30T02:06:19.550117+00:00,winner,home,MIN,MIN to win,0.0,-650.0,,0.787,0.8666666666666667,-0.07966666666666666,2026_04_MIA_MIN,2026,4,MIN,MIA,2026-10-04T20:05:00+00:00,False,False
2026-09-30T02:06:19.550117+00:00,spread,away,DEN,DEN +3,3.0,-120.0,0.8025000000000002,0.5026680896478122,0.5454545454545454,-0.04278645580673324,2026_04_DEN_SF,2026,4,SF,DEN,2026-10-04T20:25:00+00:00,False,False
2026-09-30T02:06:19.550117+00:00,total,over,,Over 47.5,47.5,-110.0,3.804299999999998,0.5102040816326531,0.5238095238095238,-0.013605442176870763,2026_04_DEN_SF,2026,4,SF,DEN,2026-10-04T20:25:00+00:00,False,False
2026-09-30T02:06:19.550117+00:00,winner,home,SF,SF to win,0.0,-155.0,,0.5707,0.6078431372549019,-0.037143137254901926,2026_04_DEN_SF,2026,4,SF,DEN,2026-10-04T20:25:00+00:00,False,False
2026-09-30T02:06:19.550117+00:00,spread,home,LV,LV +4.5,4.5,-108.0,0.0118999999999998,0.5026680896478122,0.5192307692307693,-0.016562679582957096,2026_04_KC_LV,2026,4,LV,KC,2026-10-04T20:25:00+00:00,False,False
2026-09-30T02:06:19.550117+00:00,total,under,,Under 47.5,47.5,-105.0,1.2040999999999968,0.4933605720122574,0.5121951219512195,-0.01883454993896211,2026_04_KC_LV,2026,4,LV,KC,2026-10-04T20:25:00+00:00,False,False
2026-09-30T02:06:19.550117+00:00,winner,away,KC,KC to win,0.0,-225.0,,0.6375,0.6923076923076923,-0.054807692307692335,2026_04_KC_LV,2026,4,LV,KC,2026-10-04T20:25:00+00:00,False,False
2026-09-30T02:06:19.550117+00:00,spread,home,SEA,SEA −7,-7.0,-115.0,2.1707,0.5148782687105501,0.5348837209302325,-0.020005452219682418,2026_04_LAC_SEA,2026,4,SEA,LAC,2026-10-04T20:25:00+00:00,False,False
2026-09-30T02:06:19.550117+00:00,total,under,,Under 42.5,42.5,-102.0,2.371000000000002,0.5102040816326531,0.504950495049505,0.005253586583148118,2026_04_LAC_SEA,2026,4,SEA,LAC,2026-10-04T20:25:00+00:00,False,False
2026-09-30T02:06:19.550117+00:00,winner,home,SEA,SEA to win,0.0,-360.0,,0.765,0.782608695652174,-0.017608695652173934,2026_04_LAC_SEA,2026,4,SEA,LAC,2026-10-04T20:25:00+00:00,False,False
2026-09-30T02:06:19.550117+00:00,spread,home,CAR,CAR +3.5,3.5,-108.0,2.2344999999999997,0.5148782687105501,0.5192307692307693,-0.0043525005202191824,2026_04_DET_CAR,2026,4,CAR,DET,2026-10-05T00:20:00+00:00,False,False
2026-09-30T02:06:19.550117+00:00,total,over,,Over 50.5,50.5,-112.0,2.8637000000000015,0.5102040816326531,0.5283018867924528,-0.01809780515979975,2026_04_DET_CAR,2026,4,CAR,DET,2026-10-05T00:20:00+00:00,False,False
2026-09-30T02:06:19.550117+00:00,winner,away,DET,DET to win,0.0,-180.0,,0.5385,0.6428571428571429,-0.10435714285714293,2026_04_DET_CAR,2026,4,CAR,DET,2026-10-05T00:20:00+00:00,False,False
2026-09-30T02:06:19.550117+00:00,spread,away,ATL,ATL +3,3.0,-118.0,0.19530000000000003,0.5026680896478122,0.5412844036697247,-0.03861631402191257,2026_04_ATL_NO,2026,4,NO,ATL,2026-10-06T00:15:00+00:00,False,False
2026-09-30T02:06:19.550117+00:00,total,under,,Under 48.5,48.5,-108.0,0.40220000000000056,0.4933605720122574,0.5192307692307693,-0.02587019721851186,2026_04_ATL_NO,2026,4,NO,ATL,2026-10-06T00:15:00+00:00,False,False
2026-09-30T02:06:19.550117+00:00,winner,home,NO,NO to win,0.0,-155.0,,0.5894,0.6078431372549019,-0.018443137254901876,2026_04_ATL_NO,2026,4,NO,ATL,2026-10-06T00:15:00+00:00,False,False
2026-09-30T02:28:45+00:00,winner,home,SEA,SEA to win,0.0,-375.0,,0.765,0.7894736842105263,-0.024473684210526314,2026_04_LAC_SEA,2026,4,SEA,LAC,2026-10-04T20:25:00+00:00,False,False
2026-09-30T03:14:59+00:00,winner,home,CIN,CIN to win,0.0,-142.0,,0.5255,0.5867768595041323,-0.06127685950413231,2026_04_JAX_CIN,2026,4,CIN,JAX,2026-10-04T17:00:00+00:00,False,False
2026-09-30T03:14:59+00:00,spread,away,MIA,MIA +10.5,10.5,-112.0,0.3683999999999994,0.5026680896478122,0.5283018867924528,-0.025633797144640647,2026_04_MIA_MIN,2026,4,MIN,MIA,2026-10-04T20:05:00+00:00,False,False
2026-09-30T03:14:59+00:00,winner,home,SF,SF to win,0.0,-148.0,,0.5707,0.5967741935483871,-0.026074193548387137,2026_04_DEN_SF,2026,4,SF,DEN,2026-10-04T20:25:00+00:00,False,False
2026-09-30T03:14:59+00:00,winner,home,SEA,SEA to win,0.0,-380.0,,0.765,0.7916666666666666,-0.026666666666666616,2026_04_LAC_SEA,2026,4,SEA,LAC,2026-10-04T20:25:00+00:00,False,False
2026-09-30T03:30:35.675699+00:00,spread,home,CLE,CLE +2.5,2.5,100.0,1.3535,0.5026680896478122,0.5,0.0026680896478121774,False,2026_04_PIT_CLE,2026,4,CLE,PIT,2026-10-02T00:15:00+00:00,False,False
2026-09-30T03:30:35.675699+00:00,total,over,,Over 38.5,38.5,-105.0,0.8074999999999974,0.4933605720122574,0.5121951219512195,-0.01883454993896211,,2026_04_PIT_CLE,2026,4,CLE,PIT,2026-10-02T00:15:00+00:00,False,False
2026-09-30T03:30:35.675699+00:00,winner,away,PIT,PIT to win,0.0,-148.0,,0.5347,0.5967741935483871,-0.06207419354838717,,2026_04_PIT_CLE,2026,4,CLE,PIT,2026-10-02T00:15:00+00:00,False,False
2026-09-30T03:30:35.675699+00:00,spread,home,WAS,WAS +3.5,3.5,-112.0,2.3151,0.5148782687105501,0.5283018867924528,-0.013423618081902733,False,2026_04_IND_WAS,2026,4,WAS,IND,2026-10-04T13:30:00+00:00,False,False
2026-09-30T03:30:35.675699+00:00,total,over,,Over 47.5,47.5,-102.0,1.1052999999999997,0.4933605720122574,0.504950495049505,-0.01158992303724754,,2026_04_IND_WAS,2026,4,WAS,IND,2026-10-04T13:30:00+00:00,False,False
2026-09-30T03:30:35.675699+00:00,winner,away,IND,IND to win,0.0,-180.0,,0.5359,0.6428571428571429,-0.10695714285714286,,2026_04_IND_WAS,2026,4,WAS,IND,2026-10-04T13:30:00+00:00,False,False
2026-09-30T03:30:35.675699+00:00,spread,away,ARI,ARI −1.5,-1.5,-110.0,0.7176,0.5026680896478122,0.5238095238095238,-0.02114143416171166,False,2026_04_ARI_NYG,2026,4,NYG,ARI,2026-10-04T17:00:00+00:00,False,False
2026-09-30T03:30:35.675699+00:00,total,under,,Under 44.5,44.5,-112.0,2.1811000000000007,0.5102040816326531,0.5283018867924528,-0.01809780515979975,,2026_04_ARI_NYG,2026,4,NYG,ARI,2026-10-04T17:00:00+00:00,False,False
2026-09-30T03:30:35.675699+00:00,winner,away,ARI,ARI to win,0.0,-125.0,,0.5684,0.5555555555555556,0.012844444444444436,,2026_04_ARI_NYG,2026,4,NYG,ARI,2026-10-04T17:00:00+00:00,False,False
2026-09-30T03:30:35.675699+00:00,spread,home,HOU,HOU −2.5,-2.5,-115.0,2.5000999999999998,0.5148782687105501,0.5348837209302325,-0.020005452219682418,False,2026_04_DAL_HOU,2026,4,HOU,DAL,2026-10-04T17:00:00+00:00,False,False
2026-09-30T03:30:35.675699+00:00,total,under,,Under 48.5,48.5,-115.0,0.12919999999999732,0.4933605720122574,0.5348837209302325,-0.041523148917975095,,2026_04_DAL_HOU,2026,4,HOU,DAL,2026-10-04T17:00:00+00:00,False,False
2026-09-30T03:30:35.675699+00:00,winner,home,HOU,HOU to win,0.0,-142.0,,0.6551,0.5867768595041323,0.06832314049586774,,2026_04_DAL_HOU,2026,4,HOU,DAL,2026-10-04T17:00:00+00:00,False,False
2026-09-30T03:30:35.675699+00:00,spread,home,TB,TB +3.5,3.5,100.0,3.9581,0.5148782687105501,0.5,0.014878268710550091,True,2026_04_GB_TB,2026,4,TB,GB,2026-10-04T17:00:00+00:00,False,False
2026-09-30T03:30:35.675699+00:00,total,over,,Over 39.5,39.5,-118.0,5.406100000000002,0.5116731517509727,0.5412844036697247,-0.029611251918752024,,2026_04_GB_TB,2026,4,TB,GB,2026-10-04T17:00:00+00:00,False,False
2026-09-30T03:30:35.675699+00:00,winner,home,TB,TB to win,0.0,160.0,,0.5161,0.38461538461538464,0.13148461538461537,,2026_04_GB_TB,2026,4,TB,GB,2026-10-04T17:00:00+00:00,False,False
2026-09-30T03:30:35.675699+00:00,spread,away,JAX,JAX +2.5,2.5,-105.0,1.7448000000000001,0.5026680896478122,0.5121951219512195,-0.009527032303407346,False,2026_04_JAX_CIN,2026,4,CIN,JAX,2026-10-04T17:00:00+00:00,False,False
2026-09-30T03:30:35.675699+00:00,total,under,,Under 51.5,51.5,-118.0,0.15409999999999968,0.4933605720122574,0.5412844036697247,-0.04792383165746733,,2026_04_JAX_CIN,2026,4,CIN,JAX,2026-10-04T17:00:00+00:00,False,False
2026-09-30T03:30:35.675699+00:00,winner,home,CIN,CIN to win,0.0,-142.0,,0.5255,0.5867768595041323,-0.06127685950413231,,2026_04_JAX_CIN,2026,4,CIN,JAX,2026-10-04T17:00:00+00:00,False,False
2026-09-30T03:30:35.675699+00:00,spread,home,PHI,PHI +3,3.0,-112.0,1.0996,0.5026680896478122,0.5283018867924528,-0.025633797144640647,False,2026_04_LA_PHI,2026,4,PHI,LA,2026-10-04T17:00:00+00:00,False,False
2026-09-30T03:30:35.675699+00:00,total,over,,Over 43.5,43.5,-105.0,4.2845999999999975,0.5116731517509727,0.5121951219512195,-0.0005219702002468019,,2026_04_LA_PHI,2026,4,PHI,LA,2026-10-04T17:00:00+00:00,False,False
2026-09-30T03:30:35.675699+00:00,winner,away,LA,LA to win,0.0,-162.0,,0.5584,0.6183206106870229,-0.059920610687022924,,2026_04_LA_PHI,2026,4,PHI,LA,2026-10-04T17:00:00+00:00,False,False
2026-09-30T03:30:35.675699+00:00,spread,away,NE,NE +7,7.0,-115.0,2.0330000000000004,0.5148782687105501,0.5348837209302325,-0.020005452219682418,False,2026_04_NE_BUF,2026,4,BUF,NE,2026-10-04T17:00:00+00:00,False,False
2026-09-30T03:30:35.675699+00:00,total,over,,Over 48.5,48.5,-110.0,2.1388000000000034,0.5102040816326531,0.5238095238095238,-0.013605442176870763,,2026_04_NE_BUF,2026,4,BUF,NE,2026-10-04T17:00:00+00:00,False,False
2026-09-30T03:30:35.675699+00:00,winner,home,BUF,BUF to win,0.0,-298.0,,0.6541,0.7487437185929648,-0.09464371859296483,,2026_04_NE_BUF,2026,4,BUF,NE,2026-10-04T17:00:00+00:00,False,False
2026-09-30T03:30:35.675699+00:00,spread,home,CHI,CHI −3.5,-3.5,-102.0,3.0393,0.5148782687105501,0.504950495049505,0.009927773661045136,True,2026_04_NYJ_CHI,2026,4,CHI,NYJ,2026-10-04T17:00:00+00:00,False,False
2026-09-30T03:30:35.675699+00:00,total,over,,Over 43.5,43.5,-102.0,1.485999999999997,0.4933605720122574,0.504950495049505,-0.01158992303724754,,2026_04_NYJ_CHI,2026,4,CHI,NYJ,2026-10-04T17:00:00+00:00,False,False
2026-09-30T03:30:35.675699+00:00,winner,home,CHI,CHI to win,0.0,-175.0,,0.6982,0.6363636363636364,0.06183636363636369,,2026_04_NYJ_CHI,2026,4,CHI,NYJ,2026-10-04T17:00:00+00:00,False,False
2026-09-30T03:30:35.675699+00:00,spread,home,BAL,BAL −11.5,-11.5,-108.0,0.7204999999999995,0.5026680896478122,0.5192307692307693,-0.016562679582957096,False,2026_04_TEN_BAL,2026,4,BAL,TEN,2026-10-04T17:00:00+00:00,False,False
2026-09-30T03:30:35.675699+00:00,total,over,,Over 43.5,43.5,-110.0,1.5009999999999977,0.4933605720122574,0.5238095238095238,-0.03044895179726642,,2026_04_TEN_BAL,2026,4,BAL,TEN,2026-10-04T17:00:00+00:00,False,False
2026-09-30T03:30:35.675699+00:00,winner,home,BAL,BAL to win,0.0,-750.0,,0.8303,0.8823529411764706,-0.052052941176470524,,2026_04_TEN_BAL,2026,4,BAL,TEN,2026-10-04T17:00:00+00:00,False,False
2026-09-30T03:30:35.675699+00:00,spread,away,MIA,MIA +10.5,10.5,-112.0,0.3683999999999994,0.5026680896478122,0.5283018867924528,-0.025633797144640647,False,2026_04_MIA_MIN,2026,4,MIN,MIA,2026-10-04T20:05:00+00:00,False,False
2026-09-30T03:30:35.675699+00:00,total,over,,Over 38.5,38.5,-110.0,4.667900000000003,0.5116731517509727,0.5238095238095238,-0.012136372058551115,,2026_04_MIA_MIN,2026,4,MIN,MIA,2026-10-04T20:05:00+00:00,False,False
2026-09-30T03:30:35.675699+00:00,winner,home,MIN,MIN to win,0.0,-650.0,,0.787,0.8666666666666667,-0.07966666666666666,,2026_04_MIA_MIN,2026,4,MIN,MIA,2026-10-04T20:05:00+00:00,False,False
2026-09-30T03:30:35.675699+00:00,spread,away,DEN,DEN +3,3.0,-120.0,0.8025000000000002,0.5026680896478122,0.5454545454545454,-0.04278645580673324,False,2026_04_DEN_SF,2026,4,SF,DEN,2026-10-04T20:25:00+00:00,False,False
2026-09-30T03:30:35.675699+00:00,total,over,,Over 47.5,47.5,-110.0,3.804299999999998,0.5102040816326531,0.5238095238095238,-0.013605442176870763,,2026_04_DEN_SF,2026,4,SF,DEN,2026-10-04T20:25:00+00:00,False,False
2026-09-30T03:30:35.675699+00:00,winner,home,SF,SF to win,0.0,-148.0,,0.5707,0.5967741935483871,-0.026074193548387137,,2026_04_DEN_SF,2026,4,SF,DEN,2026-10-04T20:25:00+00:00,False,False
2026-09-30T03:30:35.675699+00:00,spread,home,LV,LV +4.5,4.5,-108.0,0.0118999999999998,0.5026680896478122,0.5192307692307693,-0.016562679582957096,False,2026_04_KC_LV,2026,4,LV,KC,2026-10-04T20:25:00+00:00,False,False
2026-09-30T03:30:35.675699+00:00,total,under,,Under 47.5,47.5,-105.0,1.2040999999999968,0.4933605720122574,0.5121951219512195,-0.01883454993896211,,2026_04_KC_LV,2026,4,LV,KC,2026-10-04T20:25:00+00:00,False,False
2026-09-30T03:30:35.675699+00:00,winner,away,KC,KC to win,0.0,-225.0,,0.6375,0.6923076923076923,-0.054807692307692335,,2026_04_KC_LV,2026,4,LV,KC,2026-10-04T20:25:00+00:00,False,False
2026-09-30T03:30:35.675699+00:00,spread,home,SEA,SEA −7,-7.0,-115.0,2.1707,0.5148782687105501,0.5348837209302325,-0.020005452219682418,True,2026_04_LAC_SEA,2026,4,SEA,LAC,2026-10-04T20:25:00+00:00,False,False
2026-09-30T03:30:35.675699+00:00,total,under,,Under 42.5,42.5,-102.0,2.371000000000002,0.5102040816326531,0.504950495049505,0.005253586583148118,,2026_04_LAC_SEA,2026,4,SEA,LAC,2026-10-04T20:25:00+00:00,False,False
2026-09-30T03:30:35.675699+00:00,winner,home,SEA,SEA to win,0.0,-380.0,,0.765,0.7916666666666666,-0.026666666666666616,,2026_04_LAC_SEA,2026,4,SEA,LAC,2026-10-04T20:25:00+00:00,False,False
2026-09-30T03:30:35.675699+00:00,spread,home,CAR,CAR +3.5,3.5,-108.0,2.2344999999999997,0.5148782687105501,0.5192307692307693,-0.0043525005202191824,False,2026_04_DET_CAR,2026,4,CAR,DET,2026-10-05T00:20:00+00:00,False,False
2026-09-30T03:30:35.675699+00:00,total,under,,Under 50.5,50.5,-108.0,1.5007999999999981,0.4933605720122574,0.5192307692307693,-0.02587019721851186,,2026_04_DET_CAR,2026,4,CAR,DET,2026-10-05T00:20:00+00:00,False,False
2026-09-30T03:30:35.675699+00:00,winner,away,DET,DET to win,0.0,-180.0,,0.5385,0.6428571428571429,-0.10435714285714293,,2026_04_DET_CAR,2026,4,CAR,DET,2026-10-05T00:20:00+00:00,False,False
2026-09-30T03:30:35.675699+00:00,spread,away,ATL,ATL +3,3.0,-118.0,0.19530000000000003,0.5026680896478122,0.5412844036697247,-0.03861631402191257,False,2026_04_ATL_NO,2026,4,NO,ATL,2026-10-06T00:15:00+00:00,False,False
2026-09-30T03:30:35.675699+00:00,total,under,,Under 48.5,48.5,-108.0,0.40220000000000056,0.4933605720122574,0.5192307692307693,-0.02587019721851186,,2026_04_ATL_NO,2026,4,NO,ATL,2026-10-06T00:15:00+00:00,False,False
2026-09-30T03:30:35.675699+00:00,winner,home,NO,NO to win,0.0,-155.0,,0.5895,0.6078431372549019,-0.018343137254901887,,2026_04_ATL_NO,2026,4,NO,ATL,2026-10-06T00:15:00+00:00,False,False
