ts,game_id,kickoff_utc,home_team,away_team,p_home_win,home_margin,total,n_spread,n_total,volume
2026-10-01T03:15:05+00:00,2026_05_BUF_LA,2026-10-13T00:15:00+00:00,LA,BUF,0.535,,,1,0,2202
2026-10-01T03:15:05+00:00,2026_05_BAL_ATL,2026-10-12T00:20:00+00:00,ATL,BAL,0.275,,,1,0,25052
2026-10-01T03:15:05+00:00,2026_05_CHI_GB,2026-10-11T17:00:00+00:00,GB,CHI,0.55,,,1,0,11130
2026-10-01T03:15:05+00:00,2026_05_SF_SEA,2026-10-11T20:25:00+00:00,SEA,SF,0.63,,,1,0,66220
2026-10-01T03:15:05+00:00,2026_05_DET_ARI,2026-10-11T20:25:00+00:00,ARI,DET,0.315,,,1,0,7227
2026-10-01T03:15:05+00:00,2026_05_DEN_LAC,2026-10-11T20:05:00+00:00,LAC,DEN,0.455,,,1,0,1693
2026-10-01T03:15:05+00:00,2026_05_NYG_WAS,2026-10-11T17:00:00+00:00,WAS,NYG,0.56,,,1,0,932
2026-10-01T03:15:05+00:00,2026_05_IND_PIT,2026-10-11T17:00:00+00:00,PIT,IND,0.57,,,1,0,1179
2026-10-01T03:15:05+00:00,2026_05_CLE_NYJ,2026-10-11T17:00:00+00:00,NYJ,CLE,0.565,,,1,0,3335
2026-10-01T03:15:05+00:00,2026_05_LV_NE,2026-10-11T17:00:00+00:00,NE,LV,0.605,,,1,0,16155
2026-10-01T03:15:05+00:00,2026_05_CIN_MIA,2026-10-11T17:00:00+00:00,MIA,CIN,0.19,,,1,0,5995
2026-10-01T03:15:05+00:00,2026_05_HOU_TEN,2026-10-11T17:00:00+00:00,TEN,HOU,0.265,,,1,0,22226
2026-10-01T03:15:05+00:00,2026_05_MIN_NO,2026-10-11T17:00:00+00:00,NO,MIN,0.465,,,1,0,3495
2026-10-01T03:15:05+00:00,2026_05_PHI_JAX,2026-10-11T13:30:00+00:00,JAX,PHI,0.59,,,1,0,3032
2026-10-01T03:15:05+00:00,2026_05_TB_DAL,2026-10-09T00:15:00+00:00,DAL,TB,0.815,,,1,0,15449
2026-10-01T03:15:05+00:00,2026_04_ATL_NO,2026-10-06T00:15:00+00:00,NO,ATL,0.565,2.67,47.79,26,19,112159
2026-10-01T03:15:05+00:00,2026_04_DET_CAR,2026-10-05T00:20:00+00:00,CAR,DET,0.355,-3.88,51.12,26,19,59467
2026-10-01T03:15:05+00:00,2026_04_DEN_SF,2026-10-04T20:25:00+00:00,SF,DEN,0.575,2.67,48.12,26,19,256600
2026-10-01T03:15:05+00:00,2026_04_LAC_SEA,2026-10-04T20:25:00+00:00,SEA,LAC,0.755,7.19,42.88,28,19,89418
2026-10-01T03:15:05+00:00,2026_04_KC_LV,2026-10-04T20:25:00+00:00,LV,KC,0.35,-4.12,47.62,26,19,1084119
2026-10-01T03:15:05+00:00,2026_04_MIA_MIN,2026-10-04T20:05:00+00:00,MIN,MIA,0.835,10.32,38.8,27,19,170833
2026-10-01T03:15:05+00:00,2026_04_JAX_CIN,2026-10-04T17:00:00+00:00,CIN,JAX,0.575,2.78,51.12,26,19,100154
2026-10-01T03:15:05+00:00,2026_04_TEN_BAL,2026-10-04T17:00:00+00:00,BAL,TEN,0.855,11.38,42.5,28,19,287256
2026-10-01T03:15:05+00:00,2026_04_GB_TB,2026-10-04T17:00:00+00:00,TB,GB,0.375,-3.31,38.55,25,19,209756
2026-10-01T03:15:05+00:00,2026_04_LA_PHI,2026-10-04T17:00:00+00:00,PHI,LA,0.385,-3.18,43.88,26,19,197723
2026-10-01T03:15:05+00:00,2026_04_DAL_HOU,2026-10-04T17:00:00+00:00,HOU,DAL,0.595,3.03,48.4,26,19,329497
2026-10-01T03:15:05+00:00,2026_04_NYJ_CHI,2026-10-04T17:00:00+00:00,CHI,NYJ,0.625,3.22,43.12,26,19,74019
2026-10-01T03:15:05+00:00,2026_04_NE_BUF,2026-10-04T17:00:00+00:00,BUF,NE,0.735,6.81,48.38,28,19,155929
2026-10-01T03:15:05+00:00,2026_04_ARI_NYG,2026-10-04T17:00:00+00:00,NYG,ARI,0.435,-2.66,44.12,26,19,126773
2026-10-01T03:15:05+00:00,2026_04_IND_WAS,2026-10-04T13:30:00+00:00,WAS,IND,0.365,-3.88,47.88,26,19,114261
2026-10-01T03:15:05+00:00,2026_04_PIT_CLE,2026-10-02T00:15:00+00:00,CLE,PIT,0.425,-2.75,38.67,26,19,800247
2026-10-01T04:15:21+00:00,2026_05_BUF_LA,2026-10-13T00:15:00+00:00,LA,BUF,0.545,,,1,0,4174
2026-10-01T04:15:21+00:00,2026_05_CHI_GB,2026-10-11T17:00:00+00:00,GB,CHI,0.545,,,1,0,11179
2026-10-01T04:15:21+00:00,2026_05_SF_SEA,2026-10-11T20:25:00+00:00,SEA,SF,0.625,,,1,0,68191
2026-10-01T04:15:21+00:00,2026_05_NYG_WAS,2026-10-11T17:00:00+00:00,WAS,NYG,0.565,,,1,0,932
2026-10-01T04:15:21+00:00,2026_05_LV_NE,2026-10-11T17:00:00+00:00,NE,LV,0.61,,,1,0,16445
2026-10-01T04:15:21+00:00,2026_05_CIN_MIA,2026-10-11T17:00:00+00:00,MIA,CIN,0.185,,,1,0,6040
2026-10-01T04:15:21+00:00,2026_04_DET_CAR,2026-10-05T00:20:00+00:00,CAR,DET,0.355,-3.83,51.12,26,19,60561
2026-10-01T04:15:21+00:00,2026_04_MIA_MIN,2026-10-04T20:05:00+00:00,MIN,MIA,0.835,10.25,38.8,27,19,172693
2026-10-01T04:15:21+00:00,2026_04_TEN_BAL,2026-10-04T17:00:00+00:00,BAL,TEN,0.855,11.5,42.5,28,19,290980
2026-10-01T04:15:21+00:00,2026_04_GB_TB,2026-10-04T17:00:00+00:00,TB,GB,0.375,-3.33,38.54,25,19,210553
2026-10-01T04:15:21+00:00,2026_04_DAL_HOU,2026-10-04T17:00:00+00:00,HOU,DAL,0.595,3.05,48.4,26,19,335697
2026-10-01T04:15:21+00:00,2026_04_ARI_NYG,2026-10-04T17:00:00+00:00,NYG,ARI,0.435,-2.67,44.12,26,19,127646
2026-10-01T04:15:21+00:00,2026_04_IND_WAS,2026-10-04T13:30:00+00:00,WAS,IND,0.365,-3.88,48.0,26,19,115787
2026-10-01T04:39:07+00:00,2026_05_BAL_ATL,2026-10-12T00:20:00+00:00,ATL,BAL,0.285,,,1,0,25228
2026-10-01T04:39:07+00:00,2026_05_DEN_LAC,2026-10-11T20:05:00+00:00,LAC,DEN,0.45,,,1,0,1730
2026-10-01T04:39:07+00:00,2026_05_MIN_NO,2026-10-11T17:00:00+00:00,NO,MIN,0.47,,,1,0,3515
2026-10-01T04:39:07+00:00,2026_04_LAC_SEA,2026-10-04T20:25:00+00:00,SEA,LAC,0.755,7.11,42.88,28,19,91966
2026-10-01T04:39:07+00:00,2026_04_KC_LV,2026-10-04T20:25:00+00:00,LV,KC,0.355,-4.12,47.62,26,19,1113729
2026-10-01T04:39:07+00:00,2026_04_NE_BUF,2026-10-04T17:00:00+00:00,BUF,NE,0.735,6.81,48.4,28,19,160027
