feature,group,pts_per_sd,pts_per_unit
mkt_total_pred,team_strength,1.096279324007131,0.4546578668220907
sum_qb_delta,quarterback,1.0667872439952824,0.4515417386001313
precip,weather,-1.0272735081279138,-4.276072916624957
wind_over10,weather,-0.9298838932124467,-0.36016819830916547
pace_total,scheme_matchup,0.6576450256026909,0.25135486510586125
venue_total_resid,venue_history,0.6419188600462373,0.709879250602283
sum_elim,motivation,0.5718920629703441,1.4593586171795059
cold,weather,-0.5368999992328353,-0.13386328514489063
sum_qb_val,quarterback,0.5051077034476336,0.10159125176925833
outdoor_in_dome_sum,weather,0.4944115281434502,1.2043533209968351
snow,weather,0.4845292213300034,4.747660466473451
sum_defcont_early,roster_continuity,-0.4337844897421754,-0.5274360444811297
sum_def_pass,team_strength,-0.4205192139777302,-0.054297184444291366
coach_aggr_sum,coaching,0.4057905427448488,0.3932248162033907
sum_off_rush,team_strength,0.3995458570513822,0.06910427617447512
turf,surface_altitude,0.38342356490616414,0.7736015319637892
wind_over15,weather,0.3537654121717168,0.22504397274783403
proe_sum,scheme_matchup,0.3495656515059269,0.11385388199034518
sum_big,big_plays,0.3425814222267344,0.2643802728128794
matchup_epa_total,scheme_matchup,0.33883475769271626,0.061170571256864856
sum_wepa,team_strength,0.3294752731363786,0.4165144641930447
ref_total_resid,officials,-0.29907991187818056,-0.47740317729858994
heat,weather,0.2844981192103842,0.4143730829444978
sum_early,early_down,0.2717220006976728,0.37175923612959955
sum_new_coach,coaching,0.2447207890166089,0.5179217015126009
wk_nov,calendar,-0.2207601954366195,-0.5037433731404023
def_miss_sum,injuries,0.21093627906493967,0.16860308173814215
pts_total_pred,team_strength,0.1859106416525672,0.0497884272205261
sum_def_rush,team_strength,0.17433387519214374,0.032342030503053024
h2h_total_resid,history,-0.1559449025067768,-0.07108571081600801
sum_off_pass,team_strength,0.15180801774880717,0.015878876301313988
intl,rest_travel,-0.1472744006034039,-1.3273896951565498
off_miss_sum,injuries,-0.14443176508483044,-0.11834881304189969
ppd_total_pred,drive_efficiency,0.1372974903881131,0.3526790629619778
sum_qb_cpoe,quarterback,0.13292964584832145,0.221812148683214
altitude_kft,surface_altitude,-0.13145030770465427,-0.13501839216271416
indoor,weather,0.13048291087316546,0.2911212744408844
sum_offcont_early,roster_continuity,0.10074144551129993,0.11750670814292691
rest_sum_short,rest_travel,0.09721901623137814,0.2044716653214387
sum_qb_env,venue_history,-0.08909013151532752,-0.267285070595787
wk_dec,calendar,-0.07445298056125006,-0.1637071350865846
drives_total,drive_efficiency,-0.07149554764298229,-0.08348608331321888
ref_pen_rate,officials,0.06896912702484476,0.17845194208617338
away_travel_kmi,rest_travel,0.054068259622747764,0.07282626659877149
nohuddle_sum,scheme_matchup,0.044783583837291065,0.006350958432756615
sum_qb_venue,venue_history,0.018322291156433662,0.03453736324253472
sum_wt_early,win_totals,0.0,0.0
